patient_id,first_name,last_name,gender,birth_date,city,province_id,allergies,height,weight
1,Donald,Waterfield,M,1963-02-12,Barrie,ON,NULL,156,65
2,Mickey,Baasha,M,1981-05-28,Dundas,ON,Sulfa,185,76
3,Jiji,Sharma,M,1957-09-05,Hamilton,ON,Penicillin,194,106
4,Blair,Diaz,M,1967-01-07,Hamilton,ON,NULL,191,104
5,Charles,Wolfe,M,2017-11-19,Orillia,ON,Penicillin,47,10
6,Sue,Falcon,F,2017-09-30,Ajax,ON,Penicillin,43,5
7,Thomas,ONeill,M,1993-01-31,Burlington,ON,NULL,180,117
8,Sonny,Beckett,M,1952-12-11,"Port Hawkesbury",NS,NULL,174,105
9,Sister,Spitzer,F,1966-10-15,Toronto,ON,Penicillin,173,95
10,Cedric,Coltrane,M,1961-11-10,Toronto,ON,NULL,157,61
11,Hank,Spencer,M,1969-08-10,Peterborough,ON,NULL,158,74
12,Sara,"di Marco",F,1949-04-29,Hamilton,ON,NULL,145,46
13,Daphne,Seabright,F,1954-11-18,Ancaster,ON,Codeine,146,77
14,Rick,Bennett,M,1977-01-27,Ancaster,ON,Penicillin,220,95
15,Amy,Leela,F,1977-06-25,Hamilton,ON,NULL,172,72
16,Woody,Bashir,M,1951-11-15,Barrie,ON,Penicillin,153,59
17,Tom,Halliwell,M,1987-08-01,Hamilton,ON,Ragweed,179,114
18,Rachel,Winterbourne,F,1966-04-26,Hamilton,ON,NULL,163,95
19,John,West,M,1961-06-19,Oakville,ON,NULL,138,61
20,Jon,Doggett,M,1951-12-25,Hamilton,ON,NULL,194,116
21,Angel,Edwards,F,1975-08-22,Brantford,ON,NULL,176,106
22,Brodie,Beck,F,1975-08-01,Carlisle,ON,NULL,157,66
23,Beanie,Foster,F,1998-11-22,Ancaster,ON,Sulfa,154,75
24,Nino,Andrews,M,2001-04-21,Hamilton,ON,Peanuts,186,85
25,John,Farley,M,1956-09-12,Hamilton,ON,Gluten,213,104
26,Nea,Kobayakawa,F,1995-10-18,Toronto,ON,NULL,147,62
27,Laura,Halliwell,F,1964-11-26,Brantford,ON,NULL,146,76
28,Lucille,Maureen,F,1953-08-22,Hamilton,ON,NULL,184,87
29,Jim,Thomas,M,1986-02-17,Ottawa,ON,Penicillin,173,70
30,Roderick,Payne,M,2015-03-22,Halifax,NS,NULL,58,17
31,Sam,Threep,M,1982-06-16,Hamilton,ON,Sulpha,199,141
32,Bertha,Crowley,F,2009-03-14,Delhi,ON,NULL,125,39
33,Roland,Edge,M,1967-09-25,Brantford,ON,"Peanut Oil",199,134
34,Don,Wiggum,M,2002-11-15,Hamilton,ON,NULL,189,91
35,Anthony,Maxwell,M,2011-02-11,Oakville,ON,NULL,92,37
36,James,Sullivan,M,1974-01-25,Delhi,ON,"Topical Anaesthesia",139,68
37,Anne,Marlowe,F,1996-09-17,Pickering,ON,NULL,165,88
38,Kelly,Hamilton,F,2010-09-29,"Stoney Creek",ON,Penicillin,84,36
39,Charles,Andonuts,M,2016-05-20,Hamilton,ON,NULL,62,15
40,Temple,Russert,F,1953-05-11,Hamilton,ON,"Hay Fever",166,102
41,Don,Edwards,M,1975-07-02,Hamilton,ON,NULL,215,118
42,Alice,Donovan,F,1949-06-27,Hamilton,ON,Penicillin,167,54
43,Stone,Cutting,M,2010-09-24,Hamilton,ON,Codeine,110,42
44,Neil,Allan,M,1975-02-02,Cambridge,ON,Penicillin,203,123
45,Cross,Gordon,M,2009-03-20,Ancaster,ON,NULL,125,53
46,Phoebe,Bigelow,F,2002-03-17,"Thunder Bay",ON,Penicillin,183,64
47,Harry,Kuramitsu,M,1979-12-03,Hamilton,ON,NULL,215,95
48,Gary,Ramotswe,M,1977-07-31,Hamilton,ON,NULL,178,101
49,Phil,Chester,M,1990-09-25,Hamilton,ON,Penicillin,199,112
50,Phil,Beckett,M,2014-10-11,Ottawa,ON,NULL,83,26
51,Gala,Littlefield,F,2009-06-20,Brantford,ON,NULL,112,41
52,Gregory,James,M,1986-08-17,Hamilton,ON,NULL,195,135
53,Bruno,Wolfe,M,1998-01-15,Ottawa,ON,Sulfa,145,70
54,Molly,Jackson,F,1985-05-04,Carlisle,ON,NULL,159,48
55,Rose,Spellman,F,1957-05-31,Hamilton,ON,NULL,164,59
56,Will,Manu,M,1960-08-25,Burlington,ON,NULL,154,69
57,Woody,Riviera,M,1990-07-10,Kingston,ON,Penicillin,192,109
58,Georgette,Gallagher,F,1975-12-06,Elmira,ON,Ragweed,170,93
59,Rocky,Donahue,M,1953-04-16,Hamilton,ON,NULL,190,110
60,Roland,Murphy,M,1974-05-19,Hamilton,ON,"Sulfa Drugs",153,71
61,Mary,Spellman,F,1988-03-08,"Stoney Creek",ON,NULL,178,92
62,Shiro,Whale,M,1995-01-16,Hamilton,ON,Penicillin,195,117
63,Calleigh,Dean,F,2003-07-06,Hamilton,ON,Penicillin,175,56
64,Didi,Dean,F,1957-11-13,Milton,ON,NULL,182,110
65,Haiku,Alpert,M,2014-08-05,Paris,ON,Penicillin,69,22
66,Joseph,Justin,M,1953-10-21,Toronto,ON,Penicillin,140,71
67,Catherine,Minoru,F,1997-02-25,Victoria,BC,Sulphur,184,100
68,Danny,Hardbroom,M,1985-05-11,"Niagara Falls",ON,Penicillin,183,105
69,Lily,Crusher,F,1954-03-17,Burlington,ON,NULL,185,82
70,Billy,Jones,M,2013-09-26,Hamilton,ON,NULL,85,29
71,Vicki,Babbling,F,2003-08-10,"Stoney Creek",ON,NULL,180,64
72,Lily,Vargas,F,1923-05-02,Hamilton,ON,Codeine,195,102
73,Agatha,Sawyer,F,1991-02-21,Ancaster,ON,Penicillin,155,83
74,Temple,Marlowe,F,1982-02-01,Hamilton,ON,NULL,135,65
75,Kazuki,Ranall,M,1989-04-19,Hamilton,ON,Penicillin,139,63
76,Jackie,Lovegood,F,1983-07-05,Hamilton,ON,NULL,157,56
77,Mike,Mars,M,2009-07-15,Hamilton,ON,Penicillin,123,46
78,Natsumi,Weasley,F,1950-08-19,"Thunder Bay",ON,"Valporic Acid",157,66
79,Reginald,Jackson,M,1966-08-06,Toronto,ON,Penicillin,182,101
80,Ernest,Clarkson,M,1962-11-22,Hamilton,ON,NULL,163,66
81,Gytha,Banzai,F,2001-08-22,Hamilton,ON,NULL,182,75
82,Matt,Goergen,M,1990-03-26,Hamilton,ON,Penicillin,130,66
83,Nick,Walker,M,1969-07-16,Hamilton,ON,NULL,164,77
84,Jen,Jacobs,F,1962-12-02,Hamilton,ON,NULL,156,79
85,Phoebe,Bell,F,1975-05-06,Hepworth,ON,"Micropore Tape",169,115
86,Ann,Blocksberg,F,1996-09-05,Hamilton,ON,Penicillin,162,101
87,Frank,Capone,M,2004-02-15,Hamilton,ON,NULL,166,65
88,Caroline,Smart,F,1963-04-07,Hamilton,ON,NULL,145,64
89,Sam,Spratt,M,1983-09-23,Hamilton,ON,NULL,195,100
90,Prue,Cleever,F,1983-09-19,Odessa,ON,"Sulfa Drugs",149,119
91,Zoe,Miller,F,1951-12-12,Hamilton,ON,Honey,184,103
92,Mendy,Strate,M,1956-03-29,"Stoney Creek",ON,NULL,206,111
93,Delores,Bones,F,2006-07-19,Hamilton,ON,NULL,154,50
94,Hal,Riviera,M,1965-04-02,Kingston,ON,Tylenol,194,110
95,Gene,Edwards,M,1965-06-06,Hamilton,ON,Sulphate,199,96
96,Jonny,Christian,M,2003-06-26,Kingston,ON,NULL,182,77
97,Emmett,Erin,M,2011-04-27,Hamilton,ON,Penicillin,126,39
98,Harry,Soprano,M,2014-06-18,Beamsville,ON,NULL,85,26
99,Richard,Davis,M,1971-08-03,Toronto,ON,NULL,148,75
100,Olwyn,Chino,M,1978-09-03,Hamilton,ON,Tetracycline,146,70
101,Annie,Cox,F,1961-01-27,Hamilton,ON,NULL,160,83
102,John,Stape,M,1966-05-30,Hamilton,ON,NULL,214,118
103,Casanova,Dresden,M,1987-12-20,Milton,ON,Penicillin,150,74
104,Alice,Taylor,F,1953-01-04,Hamilton,ON,NULL,179,109
105,Freddie,Landsman,M,1972-03-16,Brockville,ON,NULL,152,73
106,Moe,Provenza,M,2005-11-06,Cambridge,ON,NULL,183,72
107,Gillian,Dyson,F,2000-09-14,Hamilton,ON,Penicillin,164,86
108,Beanie,Nelson,M,1993-06-11,Beamsville,ON,Tylenol,162,69
109,William,Templin,M,1975-08-06,Highland,ON,NULL,152,72
110,Leyla,Dedede,F,1981-05-06,Hamilton,ON,Sulfa,166,99
111,Joyce,Bosch,F,2015-10-26,Brantford,ON,NULL,65,17
112,David,Beresford,M,1974-10-17,Halifax,NS,NULL,152,87
113,Shirley,Havers,F,1986-08-28,Hamilton,ON,NULL,145,66
114,Norman,Gregory,M,2009-06-15,Calgary,ON,Eggs,125,53
115,Briareos,Hayes,M,1918-12-12,Sarnia,ON,Morphine,189,138
116,Mable,Taggart,F,1962-05-17,Hamilton,ON,NULL,181,87
117,Chen,Baasha,M,1992-05-09,Cambridge,ON,NULL,193,140
118,Indiana,Kingsley,M,1978-04-17,Hamilton,ON,Penicillin,140,67
119,Henry,Hernandez,M,1954-03-30,Hamilton,ON,NULL,163,55
120,Teddy,McGrath,M,1967-06-15,Hamilton,ON,NULL,168,75
121,Salvatore,Neutron,M,1994-06-22,Burlington,ON,Codeine,186,106
122,Harry,Graf,M,1989-05-07,Hamilton,ON,Penicillin,134,68
123,Stanley,Bean,M,1989-11-01,Toronto,ON,NULL,172,75
124,Derek,Burbank,M,1988-02-14,Brantford,ON,Penicillin,203,125
125,Nea,Brocklehurst,F,2018-02-25,Hamilton,ON,Penicillin,38,5
126,King,Arden,M,1981-10-13,Cambridge,ON,Seafood,137,84
127,Lyan,Russo,M,2005-05-15,Toronto,ON,Tetracycline,180,65
128,Thomas,Fortune,M,1950-12-14,Carisle,ON,Cats,170,114
129,Priestley,DAmico,M,1961-11-05,Milton,ON,Penicillin,152,69
130,Arnold,Love,M,1952-07-14,Toronto,ON,NULL,200,116
131,Thursday,Ernst,F,1962-11-02,Whitby,ON,Sulfa,172,53
132,Haiku,Shaft,M,2006-02-19,Barrie,ON,NULL,155,55
133,Mattie,Harkness,F,1989-09-21,Timmins,ON,NULL,159,60
134,Alexandra,Robins,F,1988-10-25,Burlington,ON,Sulfa,179,84
135,Vin,Smyth,M,1951-02-08,Hamilton,ON,Codeine,207,113
136,Kenny,Skelton,M,1970-05-29,Calgary,ON,NULL,187,118
137,Jackie,Dean,M,1980-09-29,Victoria,BC,NULL,136,58
138,Fiz,Ozaki,F,1989-09-16,Hamilton,ON,Penicillin,180,91
139,Robbie,Wilde,M,1971-03-27,Burlington,ON,NULL,164,70
140,Amy,Fuhrey,F,1979-11-11,Oshawa,ON,Penicillin,148,49
141,Lou,Vincent,M,2007-01-28,Selkirk,ON,Penicillin,143,56
142,Elvis,Maroni,M,1948-06-22,Hamilton,ON,Codeine,139,66
143,Mike,Madison,M,1993-09-13,Carlisle,ON,NULL,191,110
144,Reginald,Cavor,M,1986-07-24,"Red Deer",AB,Penicillin,163,86
145,Kurt,Turtle,M,1992-06-13,Hamilton,ON,NULL,148,68
146,Scott,Corinthos,M,1999-11-25,Hamilton,ON,NULL,198,123
147,Agnes,Duckworth,F,1979-03-29,Ancaster,ON,Penicillin,178,76
148,Keziah,Brearly,F,1949-10-06,Hamilton,ON,Penicillin,163,102
149,David,Redfield,M,1982-01-20,Burlington,ON,"Dairy Products",166,89
150,Sonny,Waterman,M,1987-02-13,Hamilton,ON,NULL,173,89
151,Jeff,Tyrell,M,1997-07-18,Hamilton,ON,NULL,167,118
152,Charmian,Hardy,F,1992-04-16,Hamilton,ON,NULL,155,93
153,Jefferson,Hally,M,1954-10-22,Toronto,ON,Penicillin,155,89
154,Daneel,Carpenter,M,1977-06-13,Burlington,ON,Penicillin,185,101
155,Kazuki,Scarpetta,M,1989-07-13,Barrie,ON,Penicillin,170,78
156,Sarah,Newbury,F,2013-02-13,Athens,ON,NULL,75,22
157,Robert,Page,M,1966-09-28,"Stoney Creek",ON,NULL,177,117
158,Naoto,Clover,F,2009-08-29,Brantford,ON,Codeine,120,38
159,Noike,Maloney,F,1988-03-13,Hamilton,ON,Strawberries,147,60
160,Miranda,Delacour,F,1989-08-04,"Stoney Creek",ON,"Valporic Acid",163,88
161,Marty,Carrington,M,1950-03-25,Sarnia,ON,Feathers,145,68
162,Laura,Dee,F,1949-05-03,Windsor,ON,NULL,148,64
163,Mona,Heterodyne,F,1988-09-27,Hamilton,ON,NULL,146,48
164,Valentin,Mackey,M,2004-06-20,Ottawa,ON,NULL,181,78
165,Emmett,Colbock,M,1986-10-29,Hamilton,ON,NULL,217,89
166,Frank,Carrow,M,2016-08-16,Hamilton,ON,ASA,58,15
167,Alex,Fox,F,1951-11-07,Selkirk,ON,NULL,170,98
168,Nina,Peroni,F,1964-03-18,Peterborough,ON,NULL,151,69
169,Temple,LoPresti,F,1970-06-08,Hargersville,ON,NULL,146,45
170,Wanda,Redfield,F,1989-04-12,Hamilton,ON,Eggs,169,111
171,Jack,Stewart,M,2010-10-10,Brantford,ON,"Topical Anaesthesia",101,35
172,Maria,Bluenight,F,1989-09-24,Ancaster,ON,NULL,147,71
173,Sarah,Cooper,F,1960-09-19,Athens,ON,NULL,154,63
174,Samus,Dalton,F,1972-08-10,Hamilton,ON,NULL,149,50
175,Melody,Frye,F,2006-07-07,Hamilton,ON,NULL,132,44
176,Brooke,Bowles,F,1968-06-17,Toronto,ON,"Bee Stings",149,102
177,Irene,Casswell,F,2011-03-03,Burlington,ON,Codeine,117,25
178,David,Bustamonte,M,2010-02-24,Carisle,ON,Peanuts,103,37
179,Phil,Uzuki,M,1974-04-24,Saskatoon,SK,Penicillin,187,124
180,Michael,Henderson,M,2007-01-23,Paris,ON,Penicillin,131,57
181,Nancy,Costello,F,2000-04-13,Dundas,ON,Penicillin,183,93
182,Bernard,Karidian,M,2006-11-07,Hamilton,ON,NULL,168,62
183,Doris,Kent,F,1965-09-20,Toronto,ON,NULL,161,49
184,Hoshi,Johnson,F,1978-03-27,Cambridge,ON,Penicillin,179,106
185,Didi,"Del Lago",F,1975-09-09,Hargersville,ON,ASA,185,94
186,Doyle,Starr,M,1990-10-31,Burlington,ON,Wheat,191,121
187,Guido,Lonnegan,M,1950-12-07,Hamilton,ON,ASA,153,79
188,Cary,Henderson,M,1961-07-31,Hamilton,ON,"Bee Stings",167,98
189,Joanna,Cooper,F,1972-01-15,Toronto,ON,Codeine,181,107
190,Gwenog,Hughes,F,1951-02-28,Burlington,ON,NULL,162,87
191,Freddy,Johnson,M,1990-02-22,Cambridge,ON,Peanuts,172,118
192,Christine,Lynch,F,1994-08-01,Brantford,ON,Sulphur,181,77
193,Magrat,Luca,F,1985-04-14,"Stoney Creek",ON,NULL,134,63
194,Manick,Fletcher,M,1997-01-08,Ancaster,ON,Strawberries,154,66
195,Elizabeth,Rivers,F,1950-11-23,Beamsville,ON,Penicillin,134,58
196,Elvis,Kennedy,M,1952-03-01,Hamilton,ON,"Hay Fever",163,80
197,Jack,Wesley,M,1933-07-15,Hamilton,ON,NULL,197,106
198,Janice,Renault,F,2004-12-10,Hamilton,ON,ASA,177,66
199,Lenny,Holmes,M,1974-08-07,Hamilton,ON,NULL,160,86
200,Sally,Smith,F,1951-03-18,Cambridge,ON,Penicillin,163,62
201,John,Pearle,M,1968-12-15,Bancroft,ON,"Valporic Acid",200,138
202,Naoto,Stewart,F,1995-11-17,Sarnia,ON,Penicillin,189,93
203,Anita,Manu,F,1963-07-16,Dunton,ON,NULL,161,110
204,Wilfred,Vincent,M,1954-10-03,Burlington,ON,NULL,200,114
205,Maggie,Rajasthan,F,1960-12-02,Hamilton,ON,NULL,167,54
206,Martin,Schultz,M,2001-09-02,Brockville,ON,NULL,214,84
207,Matt,Celine,M,1960-07-04,London,ON,NULL,185,115
208,Maleen,Bagshot,F,1993-06-01,Toronto,ON,"Peanut Butter",135,53
209,Winnie,Hale,F,1994-04-19,Hamilton,ON,Penicillin,159,70
210,Subhash,Vercetti,M,1974-03-04,Hamilton,ON,NULL,152,69
211,Carol,Wylie,F,1981-08-04,Toronto,ON,Penicillin,170,100
212,Gala,Cackle,F,1959-02-22,Hamilton,ON,NULL,172,93
213,Henry,Kennedy,M,1990-07-12,Windsor,ON,Peanuts,136,59
214,Abi,Nesmith,F,1961-04-09,Hamilton,ON,Penicillin,146,59
215,Corrado,McGrew,M,1963-11-12,Fruitland,ON,Penicillin,139,79
216,Miles,Mace,M,1991-06-15,Brantford,ON,NULL,175,56
217,Thomas,Duquesne,M,1992-04-26,Pickering,ON,Sulpha,158,69
218,Megan,Fidelma,F,1986-03-19,Burlington,ON,NULL,157,71
219,Jon,Guarnaccia,M,1955-12-02,Burlington,ON,Morphine,189,123
220,Ben,Seldon,M,1953-08-28,Hamilton,ON,Almonds,143,58
221,Barbara,Dresden,F,2008-11-08,Brantford,ON,Codeine,113,41
222,Tom,Kowalski,M,1990-11-27,Dunton,ON,Tape,173,75
223,Andy,Kammerer,M,1992-02-20,Hamilton,ON,Penicillin,153,62
224,Michael,Jeter,M,1997-07-24,Toronto,ON,NULL,199,107
225,Magnus,Ferrari,M,1994-01-21,Ottawa,ON,NULL,169,99
226,Silvio,Nayagan,M,1975-04-24,Barrie,ON,Penicillin,206,108
227,Ellen,Wylie,F,1965-12-30,Hamilton,ON,NULL,168,77
228,Daniel,Nelson,M,2000-11-06,Halifax,NS,Wheat,150,72
229,Leonard,Sacrimoni,M,2012-02-22,"Walnut Grove",AB,NULL,91,29
230,Jessie,Meedhan,F,1990-12-13,Toronto,ON,NULL,172,73
231,Lester,Maximoff,M,1972-07-24,Hamilton,ON,Penicillin,162,80
232,Maggie,Price,F,1958-02-14,Hamilton,ON,Penicillin,173,47
233,Kay,Baldwin,F,1951-12-25,Beamsville,ON,Codeine,164,64
234,Shion,Rivers,M,2018-02-15,Toronto,ON,Penicillin,38,5
235,Robert,Brockman,M,1984-05-05,Toronto,ON,NULL,161,91
236,Art,Fane,M,2012-03-31,Toronto,ON,Penicillin,88,26
237,Margaret,MacNeil,F,1980-04-20,Timmins,ON,NULL,171,114
238,Padma,Thomas,F,2008-06-29,Brockville,ON,Tylenol,132,39
239,Mike,Johnson,M,1993-03-07,Hamilton,ON,NULL,158,78
240,Thomas,Matthews,M,1968-12-12,Highland,ON,Tetracycline,216,108
241,Belladonna,Thomas,F,1965-01-03,Caledonia,ON,NULL,143,59
242,Fancy,Rush,F,1965-02-19,Hamilton,ON,Penicillin,156,68
243,Willie,Dingle,M,1955-01-31,Toronto,ON,ASA,154,84
244,Aniki,Leotardo,M,1986-11-04,Misty,AB,Penicillin,164,72
245,Primo,Bushell,M,1975-06-17,Hamilton,ON,NULL,187,101
246,Logan,Tao,M,1958-03-31,Ancaster,ON,NULL,209,104
247,Pilar,Adler,F,1983-07-25,Hamilton,ON,Walnuts,181,95
248,Sarah,Daniels,F,1972-07-22,Hamilton,ON,NULL,153,60
249,Rita,Stephens,F,2003-12-02,Hamilton,ON,NULL,172,57
250,Tania,McGrath,F,1968-07-14,Toronto,ON,NULL,166,112
251,Joseph,Halifax,M,2000-03-29,Hamilton,ON,Penicillin,180,103
252,Bruce,Brown,M,2015-09-19,Paris,ON,Codeine,74,18
253,Angela,Loeb,F,2014-04-14,Hamilton,ON,NULL,75,20
254,Emil,McCrary,M,1965-04-04,Cambridge,ON,"Sulfa Drugs",149,81
255,Dame,McCrary,F,2007-06-23,Hamilton,ON,Peanuts,135,43
256,Billie,Lowell,F,1960-06-04,Halifax,NS,NULL,153,100
257,Mitzy,Marquez,F,2001-05-01,Hamilton,ON,Codeine,195,71
258,Pilar,Languish,F,2000-08-02,Hamilton,ON,Codeine,155,49
259,Eloise,Evans,F,2005-05-06,Dundas,ON,"Hay Fever",155,62
260,Mona,Brocklehurst,F,1964-11-12,Hamilton,ON,Codeine,175,112
261,Cordelia,Sugden,F,1996-12-08,Brantford,ON,NULL,163,63
262,Samantha,Heterodyne,F,1978-07-10,Toronto,ON,NULL,154,68
263,Jack,Valentine,M,1954-10-06,Hamilton,ON,NULL,208,106
264,Dante,Fuhrey,M,1986-08-31,Burlington,ON,Penicillin,184,104
265,Marvin,Dredd,M,1973-04-29,London,ON,Sulfa,199,91
266,Amy,Peth,F,1964-11-29,Whitby,ON,NULL,171,70
267,Bill,Capone,M,2003-04-26,Milgrove,ON,NULL,166,82
268,Lora,Shannon,F,1998-11-12,Ancaster,ON,"Salicylic Acid",163,105
269,Lindsay,Anderson,F,1963-04-07,Burlington,ON,Sulfa,164,73
270,Lily,Hinkley,F,1984-08-31,"Stoney Creek",ON,Sulfa,181,103
271,Hannah,MacLeod,F,1982-09-12,Delhi,ON,NULL,162,100
272,Shirley,Cork,F,2008-01-01,Hamilton,ON,Walnuts,117,44
273,Lora,McNulty,F,1996-07-23,Hamilton,ON,Sulfa,133,73
274,Bruno,Kaiba,M,1956-01-26,Hamilton,ON,Codeine,177,117
275,Roberta,Leone,F,1982-06-03,Hamilton,ON,NULL,157,100
276,Anna,Arroway,F,1993-02-16,Hamilton,ON,Penicillin,184,104
277,Vladimir,Hiatt,M,1960-03-04,Fruitland,ON,Penicillin,175,105
278,John,Papandrao,M,1989-08-03,Toronto,ON,Penicillin,182,108
279,Derek,Nappa,M,1965-09-02,"Walnut Grove",AB,"Bee Stings",163,66
280,Sandy,Crane,F,1990-05-17,"North York",ON,Penicillin,148,72
281,Michael,ORourke,M,1980-09-28,Burlington,ON,NULL,177,122
282,Alex,Riviera,M,1997-04-20,Hamilton,ON,NULL,189,121
283,Richard,Bigelow,M,1965-03-03,Burlington,ON,NULL,197,114
284,Annie,Smart,F,1976-06-29,Vancouver,BC,NULL,153,60
285,Jack,Allgood,M,2008-09-05,Hamilton,ON,NULL,126,53
286,John,Crockett,M,1963-07-14,Athens,ON,NULL,187,140
287,Kima,Grissom,F,1972-09-17,Simcoe,ON,Penicillin,140,53
288,Katya,Fowler,F,2003-03-11,Burlington,ON,NULL,161,57
289,Roger,Sanders,M,1965-10-25,Dundas,ON,Peanuts,157,70
290,Angela,Clearwater,F,1960-04-30,Hamilton,ON,NULL,177,99
291,Naoko,Davenport,F,1951-05-07,Hamilton,ON,NULL,169,105
292,Serafina,Cooper,F,2013-07-25,Hamilton,ON,Sulfa,78,22
293,Mickey,Fisk,M,1984-10-22,Hamilton,ON,NULL,161,57
294,Malma,Burbage,F,2001-12-19,Burlington,ON,Codeine,185,68
295,Lyan,Heriot,M,1968-03-01,Hamilton,ON,Penicillin,143,80
296,Ted,Breaker,M,1959-07-11,Hamilton,ON,Tape,186,76
297,Bruno,Poppins,M,1948-10-11,Brantford,ON,NULL,188,89
298,Polly,Bennett,F,1957-07-29,Burlington,ON,NULL,166,60
299,Gary,Blake,M,1977-03-23,Hamilton,ON,NULL,202,116
300,Mycroft,McGee,M,1967-02-04,Ancaster,ON,NULL,198,95
301,Ricardo,Andrews,M,1987-07-21,Hamilton,ON,NULL,177,112
302,Paul,Vondopoulos,M,2010-05-22,Brantford,ON,NULL,107,36
303,Agnes,Parkinson,F,1975-01-11,Hamilton,ON,"Sulfa Drugs",158,47
304,Jeffrey,Pascoe,M,1957-05-12,Hamilton,ON,Sulfa,174,84
305,Amane,Flute,F,2006-03-27,Hamilton,ON,NULL,130,48
306,Matt,Franchetti,M,2007-09-25,Burlington,ON,Milk,157,60
307,Terence,Gaucho,M,1938-10-22,Hamilton,ON,Sulfa,192,102
308,Rose,Dean,F,1969-11-18,Hamilton,ON,NULL,182,113
309,Harold,Buchanan,M,1951-06-26,Toronto,ON,NULL,186,95
310,Dirk,Lindley,M,1934-03-24,Burlington,ON,Sulfa,191,109
311,Nico,Mason,F,1983-12-05,Hamilton,ON,NULL,156,96
312,Peter,Tennan,M,1969-10-25,Burlington,ON,NULL,167,83
313,Claire,Sprockett,F,1995-07-01,Hamilton,ON,NULL,170,67
314,Otis,Munson,M,1949-12-05,Hamilton,ON,Sulfa,152,77
315,Winifred,Larkin,F,2017-11-03,Brantford,ON,NULL,39,5
316,Sam,Lester,M,1982-12-06,Hamilton,ON,NULL,203,124
317,Stella,Downs,F,2014-05-11,"Stoney Creek",ON,"Micropore Tape",62,17
318,Paul,Tau,M,2018-05-12,Hamilton,ON,NULL,37,4
319,John,McCrimmon,M,1985-07-06,Paris,ON,NULL,195,135
320,Morgan,Harkness,M,1968-08-17,Hamilton,ON,Penicillin,140,68
321,Melanie,Rook,F,1998-06-21,Toronto,ON,NULL,162,44
322,Phryne,Milbury,F,1998-03-13,Hamilton,ON,Penicillin,162,63
323,Lylah,Lockwood,F,2002-03-06,Hamilton,ON,NULL,169,75
324,Mary,Matthews,F,1962-08-07,Hamilton,ON,NULL,163,67
325,Ben,Stracci,M,1984-05-19,"Port Hawkesbury",NS,Wheat,185,85
326,Carol,Lenox,F,1982-07-25,Pickering,ON,NULL,183,111
327,Jane,Mars,F,1984-10-11,Hamilton,ON,Sulfa,171,76
328,Bo,McCoy,M,2008-05-12,Hamilton,ON,Penicillin,126,47
329,Peter,Robert,M,1958-06-04,Hamilton,ON,Penicillin,162,85
330,Kim,Petrie,F,1953-07-18,Hamilton,ON,NULL,153,77
331,Jason,Hopper,M,1983-06-25,Hamilton,ON,NULL,187,68
332,Eva,Amanda,F,1997-05-02,Hamilton,ON,Sulfa,167,123
333,Harry,Sofer,M,1960-12-12,Hamilton,ON,NULL,199,122
334,Lucky,Batt,M,1964-10-14,Hamilton,ON,Codeine,194,117
335,Ruby,Cherrytree,F,1991-07-22,Hamilton,ON,NULL,147,44
336,Jim,Beckett,M,2016-03-21,Toronto,ON,NULL,46,12
337,Frank,Johnson,M,1960-04-05,Hamilton,ON,Codeine,205,126
338,Jane,Trivino,F,1993-02-02,Fruitland,ON,Codeine,182,92
339,Lloyd,Kennedy,M,1986-11-19,Hamilton,ON,NULL,154,69
340,Temple,Starsmore,F,1957-07-29,Toronto,ON,Morphine,163,49
341,Tuppence,Russo,F,2005-04-09,Beamsville,ON,Codeine,152,57
342,Eloise,Craven,F,1973-01-10,Hamilton,ON,Codeine,161,57
343,Max,Sternin,M,2004-05-30,Oakville,ON,NULL,182,68
344,Bryan,Skywalker,M,1960-05-24,Barrie,ON,NULL,186,80
345,Cordelia,Hanson,F,1934-05-04,Hamilton,ON,NULL,155,68
346,Stephen,Hajime,M,1968-05-30,Burlington,ON,"Sulfa Drugs",160,80
347,Andromeda,Steiger,F,2001-08-31,Burlington,ON,"Penicillin Environmental",201,79
348,Danny,Magnus,M,2016-01-02,Hamilton,ON,NULL,54,13
349,Ted,OHara,M,2009-03-02,Dunnville,ON,NULL,130,47
350,Elisa,Burbank,F,1978-03-29,Dunton,ON,Wheat,177,117
351,Ezri,Petrie,F,1994-04-28,"Niagara Falls",ON,NULL,180,83
352,Peter,Rook,M,1980-12-22,Hamilton,ON,NULL,163,88
353,David,Schultz,M,1962-12-15,Hamilton,ON,NULL,136,76
354,Belinda,Leone,F,1956-10-17,Hamilton,ON,Codeine,150,67
355,Mike,Hammer,M,1969-11-05,Kingston,ON,Penicillin,141,63
356,Guy,Shimura,M,2004-01-09,"Red River",MB,NULL,172,83
357,Vance,Weathers,M,2009-06-25,Hamilton,ON,Codeine,130,47
358,Mary,Knight,F,2013-06-03,Hamilton,ON,Penicillin,76,21
359,Joe,Snyder,M,1993-09-15,Hamilton,ON,Penicillin,224,130
360,Jadu,Principal,F,1970-03-28,Hamilton,ON,Iodine,167,94
361,Marshal,Hawkes,M,1985-12-09,Hamilton,ON,NULL,152,57
362,Noike,Jarvik,F,1974-06-28,Hamilton,ON,NULL,174,98
363,Cedric,Morgan,M,2003-09-08,Hamilton,ON,NULL,197,86
364,Robin,McCabe,F,1999-02-09,Grimsby,ON,Codeine,173,65
365,Angelica,Dalton,F,1983-01-23,Hamilton,ON,NULL,148,49
366,Vernon,Halliwell,M,1991-07-20,Hamilton,ON,NULL,147,74
367,Chuny,Jenkins,F,2008-07-11,Paris,ON,NULL,146,38
368,Claire,Barrie,F,1969-03-27,Hamilton,ON,NULL,178,110
369,Rocky,Kavanaugh,M,1948-10-25,"Stoney Creek",ON,"Sulfa Drugs",195,108
370,Juliet,Walker,F,1984-07-16,Hamilton,ON,NULL,152,73
371,Lydia,Carver,F,1954-10-22,Victoria,BC,NULL,176,87
372,Don,Vallance,M,1966-08-26,Hamilton,ON,Penicillin,139,73
373,Valerie,Fraser,F,1951-11-18,Brantford,ON,Penicillin,139,74
374,Melinda,Boxer,F,2000-06-23,Cambridge,ON,NULL,182,103
375,Jack,Renault,M,1984-08-05,Hamilton,ON,Penicillin,142,69
376,Rose,Morris,F,1996-09-27,Grimsby,ON,Codeine,176,84
377,Lew,Vondopoulos,M,1979-03-26,Hamilton,ON,NULL,156,84
378,Henrieta,ORourke,F,1953-04-17,Carisle,ON,Sulfa,149,54
379,Barney,Atwater,M,1966-03-11,Hamilton,ON,NULL,140,69
380,Laura,March,F,1978-03-14,Vancouver,BC,NULL,187,114
381,Jon,Landsman,M,1955-05-11,"North York",ON,NULL,198,131
382,Truman,Lockwood,M,1980-10-24,Hamilton,ON,Almonds,168,72
383,Narcissa,Shore,F,1978-03-26,Hamilton,ON,Penicillin,133,72
384,Truman,Kennedy,M,1972-09-18,Timmins,ON,NULL,185,119
385,Ernest,Poirot,M,1977-08-01,Hamilton,ON,NULL,155,91
386,Adam,Stillman,M,1951-01-03,Hamilton,ON,Shellfish,162,82
387,Vicki,Jonas,F,2012-04-20,Hamilton,ON,NULL,96,20
388,Kurt,Beltzer,M,1965-02-16,Hamilton,ON,NULL,190,103
389,Abe,Osborne,M,1948-04-23,Hamilton,ON,Almonds,190,104
390,Violet,Arden,F,1982-03-02,Burlington,ON,ASA,146,50
391,Kingo,Frye,M,1967-04-06,Carisle,ON,NULL,170,63
392,Walter,Harkness,M,1980-03-19,Brampton,ON,Penicillin,179,65
393,Herr,Hinkley,M,1988-07-24,Hamilton,ON,ASA,194,98
394,Buzz,Vajda,M,2007-08-29,"Stoney Creek",ON,NULL,137,62
395,James,Ichi,M,2002-04-08,Hamilton,ON,Sulfa,196,89
396,Rick,Mowbray,M,1990-09-24,Ajax,ON,NULL,201,123
397,Leona,Hernandez,F,1954-12-18,Hamilton,ON,NULL,167,58
398,Goldie,Tennan,F,2004-12-17,Burlington,ON,Penicillin,160,59
399,Alice,Bennett,F,1989-02-06,Hamilton,ON,Codeine,162,91
400,Cordelia,Belden,F,2017-04-12,Hamilton,ON,NULL,45,10
401,Kate,Mason,F,1983-10-29,Bancroft,ON,Sulpha,175,67
402,Tony,Smith,M,1967-12-23,Sarnia,ON,Penicillin,214,95
403,Miles,McClure,M,1979-06-08,Hamilton,ON,Penicillin,210,116
404,Grace,Yurinov,F,1977-08-24,Hamilton,ON,NULL,184,121
405,Katya,Sato,F,1975-05-27,Orillia,ON,NULL,141,43
406,Samantha,Dobbs,F,2016-10-27,Hamilton,ON,Penicillin,49,11
407,Jessica,Kent,F,1991-04-03,Hamilton,ON,NULL,159,110
408,Victoire,Jonas,F,1973-08-22,Milton,ON,Penicillin,163,97
409,Julius,Montalbano,M,2007-06-08,Delhi,ON,NULL,127,60
410,Lori,Warner,F,2003-06-24,Hamilton,ON,Penicillin,184,70
411,O-Ren,Baldi,F,2009-10-05,"Niagara Falls",ON,NULL,115,34
412,Simon,Dresden,M,1998-05-12,"Stoney Creek",ON,"Valporic Acid",220,125
413,Lonnie,Bulstrode,M,2013-08-25,Kingston,ON,Penicillin,80,27
414,Rob,Mackey,M,1958-09-05,"Stoney Creek",ON,Tylenol,187,84
415,John,Hill,M,1987-11-30,Hamilton,ON,Sulfa,195,104
416,Janice,John,F,1954-10-08,Troy,ON,Sulfa,163,61
417,Elizabeth,Spencer,F,1973-09-05,"Stoney Creek",ON,NULL,160,63
418,Bertha,Martin,F,1994-07-26,Orangeville,ON,NULL,131,69
419,Walburga,Masaki,F,1959-10-25,Brantford,ON,NULL,151,73
420,Velu,Galv?n,M,2016-03-25,"Walnut Grove",AB,NULL,59,15
421,Eben,Quest,M,1995-10-20,Hamilton,ON,NULL,143,78
422,Penelope,Taggart,F,1951-06-18,Hamilton,ON,Penicillin,131,69
423,Vicki,Cenva,F,2000-06-24,Hamilton,ON,Penicillin,167,94
424,Richard,Wyatt,M,1954-08-23,Marcam,ON,NULL,188,101
425,Barney,Smith,M,1948-09-20,Hamilton,ON,NULL,162,68
426,Patricia,Rose,F,1993-04-08,Hamilton,ON,NULL,179,92
427,Colleen,Scott,F,1989-06-04,Hamilton,ON,NULL,134,66
428,Ann,Flowerstink,F,2000-09-20,Paris,ON,NULL,171,101
429,John,Grissom,M,1957-07-17,Waterford,ON,NULL,215,126
430,Grant,Halliwell,M,2004-07-30,Marcam,ON,Penicillin,175,73
431,Miles,Quince,M,1982-07-10,Hamilton,ON,Tylenol,166,127
432,Jeff,Powers,M,1984-10-02,Pickering,ON,ASA,150,83
433,Adam,Hecatonchires,M,1959-02-18,Hamilton,ON,Penicillin,162,75
434,Nicky,Shimura,M,2011-07-17,London,ON,NULL,92,39
435,Pamela,Belden,F,2011-11-06,Ancaster,ON,"Hay Fever",108,31
436,Gil,Sigel,M,1962-08-15,Burlington,ON,NULL,146,70
437,Gordon,Swift,M,1977-01-01,Winona,ON,NULL,192,115
438,Julie,Bonasera,F,1960-07-06,Burlington,ON,Penicillin,174,77
439,Licio,Lupertazzi,M,1999-11-14,"Stoney Creek",ON,Penicillin,127,88
440,Pablo,Treskovna,M,1994-09-16,Hamilton,ON,NULL,157,60
441,Winnie,Clock,F,2009-06-12,Barrie,ON,Penicillin,110,37
442,Mickey,Heath,M,1963-10-16,Brantford,ON,Penicillin,176,99
443,Lisa,Baasha,F,2003-04-02,Delhi,ON,NULL,174,71
444,Marvin,Jaffe,M,1992-05-10,Orangeville,ON,NULL,215,112
445,Wayne,Neutron,M,1987-04-11,Hamilton,ON,Penicillin,170,92
446,Jane,Goodspeed,F,1980-08-06,Barrie,ON,NULL,162,66
447,Kiriko,Baasha,F,1958-11-24,Ajax,ON,NULL,169,64
448,Wellington,Torres,M,1992-08-17,Guelph,ON,Penicillin,192,122
449,Claudia,Vimes,F,1954-06-14,Hamilton,ON,Seafood,140,65
450,Celestina,Bonasera,F,1965-04-29,Hamilton,ON,Acetaminophen,151,46
451,Peter,PiNeiro,M,2009-10-08,Dunnville,ON,NULL,123,44
452,Vincent,Blackwood,M,1982-06-17,Hamilton,ON,Penicillin,165,71
453,Milo,Holliwell,M,1989-02-16,"Red River",MB,Penicillin,166,74
454,Samantha,Dean,F,1980-03-29,Hamilton,ON,Sulfa,151,76
455,Mercedes,Heat,F,1953-06-18,Hamilton,ON,NULL,160,62
456,Beppe,Sigel,M,1955-01-26,Hamilton,ON,NULL,159,78
457,Nero,Archer,M,2004-07-12,Brantford,ON,Penicillin,186,75
458,Joseph,Miller,M,1991-02-11,Hamilton,ON,NULL,150,87
459,Mickey,Drama,M,1967-07-17,Toronto,ON,Penicillin,190,110
460,Gerard,Holloway,M,1939-03-22,Hamilton,ON,NULL,194,126
461,Mary,Bigelow,F,1979-09-24,Toronto,ON,Codeine,174,103
462,Anna,Olemaun,F,2017-09-25,Brampton,ON,Almonds,42,5
463,Hayley,McArthur,F,2015-09-17,Hamilton,ON,Penicillin,62,14
464,Alice,Jones,F,1972-10-09,Dundas,ON,"Sulfa Drugs",179,84
465,Luis,Rosenberg,M,1993-05-20,Calgary,ON,NULL,180,122
466,Trixie,Lockwood,F,1978-02-27,Hamilton,ON,Codeine,169,65
467,Louie,Wong,M,2011-09-16,Delhi,ON,Penicillin,122,46
468,Frank,Anderson,M,2009-06-16,Hamilton,ON,Penicillin,137,43
469,Tally,Nichols,F,1950-02-24,"Stoney Creek",ON,"Valporic Acid",172,85
470,Agnes,Waterfield,F,1958-08-19,Ancaster,ON,NULL,155,65
471,Polly,Vallance,F,1956-08-08,Hamilton,ON,NULL,150,67
472,Ethan,Maureen,M,1993-02-02,London,ON,Penicillin,179,120
473,Roderick,Eckhart,M,1966-06-19,Windsor,ON,Tylenol,178,103
474,John,Olsen,M,1985-07-17,"Stoney Creek",ON,NULL,220,106
475,Sharon,Grissom,F,1985-07-09,Fruitland,ON,Penicillin,137,72
476,Natsumi,Totenkinder,F,1993-05-17,Hamilton,ON,NULL,136,56
477,Katie,Maigret,F,1960-07-10,Hamilton,ON,Penicillin,168,92
478,Tom,Pike,M,1975-12-03,Dunnville,ON,NULL,142,89
479,Narcissa,Hanover,F,1952-08-01,Ancaster,ON,NULL,144,80
480,Melinda,Travis,F,1973-05-07,Dunton,ON,Penicillin,175,107
481,Tom,Lovegood,M,1971-11-27,Toronto,ON,Penicillin,148,80
482,Teddy,Melinda,M,2008-11-14,Hamilton,ON,NULL,152,59
483,Ana,Clancy,F,2008-05-06,Hamilton,ON,Penicillin,143,52
484,Ismael,Brearly,M,1992-10-13,Hamilton,ON,NULL,202,112
485,Dominic,Poppins,M,1971-02-18,"Red River",MB,NULL,190,108
486,Tony,Lamb,M,1992-05-10,Burlington,ON,NULL,191,124
487,Kurt,Sanderson,M,1964-08-17,Toronto,ON,Sulfa,192,109
488,Mrs,Willows,F,2005-12-25,Hamilton,ON,NULL,163,64
489,Hercule,Kuramitsu,M,1995-12-31,Hamilton,ON,NULL,192,126
490,Jennifer,McKinnon,F,1977-08-20,Brantford,ON,Penicillin,159,63
491,Herb,Bloom-Wood,M,1994-05-15,Hamilton,ON,NULL,178,102
492,David,White,M,1997-07-01,Hamilton,ON,Penicillin,156,87
493,Margaret,Nolan,F,1951-12-16,Calgary,ON,Codeine,138,57
494,Amy,McFly,F,2004-05-29,Burlington,ON,Penicillin,156,65
495,Cindy,Randall,F,1965-12-23,Oakville,ON,Honey,144,68
496,Spiros,Mangel,M,1998-12-13,Oakville,ON,Sulfa,177,131
497,Louie,Sydnor,M,2014-05-05,Toronto,ON,NULL,81,26
498,Morgan,Brennan,M,1991-11-23,Hamilton,ON,"Bee Stings",174,60
499,Jessica,Owens,F,2008-04-22,Dundas,ON,NULL,123,50
500,Emma,Brandon,F,2002-07-06,Burlington,ON,NULL,188,66
501,Otis,Forbin,M,1997-04-24,Hamilton,ON,Sulfa,170,113
502,Peggy,Taylor,F,1983-03-26,Hamilton,ON,NULL,171,106
503,Ashley,Owens,F,1991-01-27,Carlisle,ON,Codeine,148,71
504,Michael,Flood,M,1981-11-07,Hamilton,ON,Codeine,172,101
505,Oliver,Corneo,M,1950-07-27,Dunton,ON,NULL,160,81
506,Deanna,Shepherd,F,1952-11-11,Cambridge,ON,Codeine,163,47
507,Ethel,McGillis,F,1999-07-21,Ancaster,ON,Penicillin,171,97
508,Mac,Noble,M,2001-08-30,Pickering,ON,Cheese,211,83
509,Ann,Todd,F,2009-05-15,Hamilton,ON,NULL,129,45
510,Constantin,Hughes,M,1958-02-09,"St. Catharines",ON,NULL,153,70
511,Morgan,Soong,M,1963-05-30,Hamilton,ON,NULL,186,118
512,Celeste,Galloway,F,1990-10-29,Odessa,ON,NULL,171,64
513,Rachel,Patil,F,1991-05-12,Hamilton,ON,NULL,191,101
514,Sonny,Scott,M,2009-04-02,Hamilton,ON,NULL,134,51
515,Annie,Cackle,F,2009-03-24,Toronto,ON,Milk,123,39
516,Marty,Cropper,M,1982-10-06,"Stoney Creek",ON,NULL,196,98
517,Genevieve,George,F,1965-05-16,Halifax,NS,Penicillin,164,121
518,Marid,Unser,M,1951-05-20,Halifax,NS,"Penicillin Environmental",128,78
519,Rory,Deth,M,1962-09-25,Hamilton,ON,NULL,203,111
520,Cy,Kasen,M,1978-08-09,Grimsby,ON,Penicillin,188,128
521,Donald,Maine,M,1959-01-01,Hamilton,ON,NULL,174,77
522,Nancy,Devane,F,1967-08-13,Hamilton,ON,Tylenol,163,68
523,Max,Wilson,M,1972-01-04,Sarnia,ON,NULL,157,74
524,Imogen,Carter,F,1985-10-17,Burlington,ON,NULL,171,110
525,Kymani,Winters,M,1973-09-25,Hamilton,ON,Penicillin,186,113
526,Temple,Parker,F,1973-02-19,Hamilton,ON,NULL,160,53
527,Norbert,Strange,M,2015-07-29,Oakville,ON,NULL,59,17
528,Jean,Ackland,F,1969-12-12,Hamilton,ON,Penicillin,188,101
529,Honey,Khan,F,2001-04-23,Ancaster,ON,NULL,190,64
530,Kingo,Haruko,M,2012-11-20,Hamilton,ON,Penicillin,99,39
531,Cy,Ferguson,M,1985-03-28,"Niagara Falls",ON,NULL,185,91
532,Lily,Cooper,F,1955-04-09,Toronto,ON,Codeine,157,74
533,Moe,Russo,M,1976-08-09,Hamilton,ON,NULL,198,107
534,Don,Zatara,M,2008-01-11,Timmins,ON,NULL,136,67
535,Bill,Erin,M,1969-08-04,Sarnia,ON,Iodine,182,100
536,Miss,Holroyd,F,1969-05-07,Hamilton,ON,NULL,162,69
537,Harry,Harkness,M,1993-03-30,Hamilton,ON,NULL,171,72
538,Thomas,Pike,M,1956-11-26,Ottawa,ON,Penicillin,152,91
539,Dan,Boddicker,M,1962-01-20,Burlington,ON,NULL,164,115
540,Phil,Manu,M,1963-06-30,Toronto,ON,NULL,137,91
541,Sean,Rivers,M,2004-04-28,Barrie,ON,"Sulfa Drugs",178,64
542,Rosco,Brockman,M,1990-06-04,Hamilton,ON,Tetracycline,202,99
543,Vincent,Rooney,M,1998-02-26,Burlington,ON,NULL,187,121
544,Cash,Alvin,M,1979-10-01,Hamilton,ON,NULL,198,121
545,Mickey,Swanson,M,1973-03-03,Hamilton,ON,NULL,174,107
546,Robert,Daggett,M,1999-09-24,Hamilton,ON,Tetracycline,163,68
547,Avon,Travis,M,1983-07-05,Hamilton,ON,Penicillin,202,103
548,Tsunayoshi,Cammeniti,M,1992-11-24,Hamilton,ON,Wheat,157,81
549,Marcus,Jackson,M,1990-02-21,Toronto,ON,Codeine,190,108
550,Ashley,Buchanan,F,1997-07-18,Toronto,ON,Ragweed,150,59
551,Gregory,White,M,1969-12-11,Hamilton,ON,Penicillin,189,94
552,Genesis,Hill,F,2009-03-13,Troy,ON,Penicillin,124,47
553,Holi,Greggs,F,1958-12-30,Hamilton,ON,"Hay Fever",164,108
554,Lina,Maine,F,1978-08-16,Hamilton,ON,Penicillin,174,97
555,Constance,Martin,F,1972-06-16,Burlington,ON,Penicillin,134,67
556,Bill,Watson,M,1963-03-01,"St. Johns",NL,NULL,221,111
557,Noike,Maroney,F,1981-05-01,Hamilton,ON,Penicillin,160,94
558,Callum,Toombs,M,1953-12-11,Hamilton,ON,NULL,200,99
559,Harry,Parkinson,M,2017-06-23,Vancouver,BC,NULL,45,7
560,Hal,Travis,M,1993-11-16,Athens,ON,NULL,199,100
561,Anthony,Robert,M,1965-07-02,Kelowna,BC,Codeine,170,69
562,Gary,Graf,M,1988-02-20,"St. Catharines",ON,NULL,202,120
563,Geordi,Kiriakis,M,1970-09-23,Montreal,QC,Penicillin,183,93
564,Lois,Garcia-Shapiro,F,1951-06-18,Misty,AB,Sulfa,139,63
565,Art,Wycliffe,M,1975-07-17,Hamilton,ON,NULL,190,118
566,Basil,Kolchak,M,1965-12-01,Hamilton,ON,NULL,189,112
567,Robin,Hightower,M,1968-08-25,Oakville,ON,Penicillin,146,67
568,Prue,Goth,F,1993-12-15,Hamilton,ON,Sulfa,142,68
569,Paige,Maximoff,F,1964-07-15,Hamilton,ON,Penicillin,170,90
570,Boris,Krueger,M,1953-03-10,Hamilton,ON,Penicillin,212,131
571,Jadu,MacKenzie,F,2014-09-18,Toronto,ON,Penicillin,69,18
572,Temple,Cleever,F,2014-10-23,Hamilton,ON,NULL,76,22
573,Martin,Arden,M,1959-10-24,Windsor,ON,NULL,194,115
574,Janice,Yaga,F,1950-10-29,Carlisle,ON,NULL,166,98
575,Katie,Stillman,F,1988-11-26,Hamilton,ON,Penicillin,157,71
576,Suzanne,Malvern,F,1963-04-01,Windsor,ON,Penicillin,172,96
577,Christine,Argyros,F,1995-07-14,Hamilton,ON,Morphine,146,52
578,George,Magliozzi,M,2013-12-03,Burlington,ON,Seafood,86,31
579,Emil,Owens,M,2006-08-26,Ottawa,ON,Penicillin,167,57
580,Michael,Klump,M,1956-09-30,Burlington,ON,"Salicylic Acid",163,122
581,Elizabeth,Martinelli,F,2003-07-10,Hamilton,ON,NULL,164,64
582,Ryan,Umbridge,M,1982-06-20,Burlington,ON,NULL,166,100
583,Kay,Rawling,F,1949-05-05,Oakville,ON,NULL,175,83
584,Juan,Davies,M,1994-06-25,Cambridge,ON,Morphine,181,103
585,Jaenelle,Redfield,F,1965-04-30,Brantford,ON,NULL,156,70
586,Ariel,Scribbs,F,1972-03-23,Hamilton,ON,NULL,159,90
587,Byron,Briscoe,M,2016-12-25,Victoria,BC,NULL,48,12
588,Robin,Calvin,F,1986-05-31,Toronto,ON,NULL,170,94
589,Peter,Hajime,M,2018-01-07,Hamilton,ON,NULL,48,9
590,Maria,Aran,F,1969-04-24,Hamilton,ON,NULL,175,117
591,Jenny,Merrova,F,1960-12-08,Burlington,ON,NULL,174,90
592,Lydia,Millhone,F,1985-09-03,Hamilton,ON,NULL,153,45
593,Troy,Stone,M,2013-05-14,Toronto,ON,"Pet Hair",78,26
594,Annie,Carver,F,2017-10-22,"Stoney Creek",ON,Penicillin,52,9
595,Thomas,Clover,M,1959-08-15,Hamilton,ON,NULL,155,58
596,Barry,Cooper,M,1962-01-30,Burlington,ON,NULL,166,65
597,Annie,Sanderson,F,1982-05-13,Hamilton,ON,Penicillin,161,115
598,Blanche,Jovanovic,F,1975-04-28,Hamilton,ON,NULL,166,100
599,Art,Franklin,M,1997-08-25,Hamilton,ON,Penicillin,162,64
600,Brian,Sullivan,M,1948-08-10,Milton,ON,NULL,220,115
601,William,Purbright,M,2004-02-06,Ancaster,ON,NULL,178,78
602,Samantha,Starsmore,F,2008-08-05,Hamilton,ON,"Bee Stings",148,38
603,Kate,Ichihara,F,1977-03-05,Hamilton,ON,NULL,185,98
604,Brut,Burbank,M,1986-11-20,Calgary,ON,Penicillin,158,79
605,Adam,Piquel,M,1968-10-28,Misty,AB,NULL,160,64
606,Miranda,Warner,F,1966-03-12,Hamilton,ON,NULL,194,92
607,Vera,Brown,F,2017-01-19,Hamilton,ON,"Pet Hair",43,6
608,Joey,White,M,2007-09-16,Oakville,ON,Penicillin,130,58
609,Mickey,Carling,M,1968-05-02,Simcoe,ON,NULL,143,64
610,Jeffrey,McGrath,M,1964-09-16,Cambridge,ON,Codeine,177,112
611,Elvis,Whale,M,1952-08-14,Hamilton,ON,NULL,209,106
612,Milo,Yarby,M,2006-07-17,Burlington,ON,NULL,170,64
613,Jaki,Granger,M,1984-08-07,Simcoe,ON,Erythromycin,134,74
614,Luanne,Holloway,F,1950-08-26,Hamilton,ON,"Sulfa Drugs",138,47
615,Lina,Wrack,F,1996-07-27,Hamilton,ON,Penicillin,195,95
616,Will,Provenza,M,1979-06-27,Toronto,ON,NULL,191,98
617,Arjen,Punchinello,M,2013-11-27,Hamilton,ON,NULL,76,28
618,Sheila,Fraser,F,1962-07-05,Toronto,ON,Penicillin,172,113
619,Anthony,Kingdom,M,1965-07-17,Mississauga,ON,NULL,214,111
620,Carmine,Greene,M,1997-11-26,Hamilton,ON,NULL,147,75
621,Helga,Peabody,F,1994-01-06,Burlington,ON,NULL,131,51
622,Ethel,Garrick,F,1951-07-24,Hamilton,ON,NULL,151,113
623,Rita,Lang,F,1953-05-06,Hamilton,ON,NULL,177,109
624,Ted,Owens,M,2007-05-23,Grimsby,ON,NULL,147,65
625,Alan,Hardbroom,M,1986-05-12,Hamilton,ON,NULL,169,120
626,Miyuki,Moses,F,1964-09-25,Edmonton,AB,NULL,173,93
627,Andy,Vale,M,1963-02-16,Guelph,ON,Sulfa,200,121
628,Morgan,Garibaldi,M,2012-05-25,Dunton,ON,Penicillin,75,40
629,Spiros,Heiji,M,2004-07-20,Hamilton,ON,NULL,174,72
630,Kelly,Cropper,F,2012-12-22,Hamilton,ON,NULL,79,23
631,Art,Appleton,M,1988-12-07,Brampton,ON,Penicillin,170,75
632,Paulie,Dieudonne,M,1988-05-08,"Walnut Grove",AB,Penicillin,148,70
633,William,Allen,M,1986-11-07,Hamilton,ON,Penicillin,181,119
634,Harry,Travers,M,1971-04-30,Hamilton,ON,NULL,159,62
635,Rob,Barton,M,1991-06-17,Peterborough,ON,Penicillin,149,59
636,Monica,Overstreet,F,1988-10-04,"Stoney Creek",ON,Wheat,145,62
637,Clark,Smyth,M,1957-07-26,Hamilton,ON,Penicillin,164,73
638,Jane,McKinley,F,1982-10-24,Hamilton,ON,Penicillin,180,99
639,Ottilio,Burrell,M,1984-07-18,Hamilton,ON,Penicillin,175,86
640,Raymond,Cherrytree,M,1991-06-10,Brantford,ON,"Penicillin Sulpha Drugs",172,86
641,Nicole,Owens,F,2015-03-30,Hamilton,ON,Honey,66,17
642,Beatrice,Wells,F,1985-11-29,Hamilton,ON,Penicillin,149,70
643,Didi,Sharma,F,2008-07-23,Hamilton,ON,NULL,102,48
644,Maggie,Costigan,F,1997-10-13,Carlisle,ON,ASA,157,70
645,Susan,Blake,F,2000-06-23,Hamilton,ON,Codeine,180,103
646,Frank,Dalma,M,1966-06-13,"Port Dover",ON,Peanuts,191,101
647,Robin,Fansler,F,1985-01-19,Hamilton,ON,Penicillin,181,101
648,Stanislaus,Schibetta,M,1993-10-05,"Walnut Grove",AB,NULL,174,67
649,Montana,Peabody,F,1957-11-22,Hamilton,ON,Penicillin,166,55
650,Holt,Randall,M,2008-03-02,Pickering,ON,Strawberries,146,58
651,Ricky,Clericuzio,M,1953-08-21,Ancaster,ON,NULL,169,76
652,Leland,Molly,M,1972-04-08,"Red River",MB,NULL,217,94
653,Andy,Weasley,M,1985-12-08,Hamilton,ON,Wheat,197,104
654,Drogulous,Halliwell,M,1955-01-12,Carisle,ON,NULL,201,118
655,Peter,Khan,M,2016-10-13,Hamilton,ON,NULL,57,15
656,Dominic,Toombs,M,1989-12-21,Hamilton,ON,NULL,180,81
657,Carlos,Jason,M,1972-03-08,Brampton,ON,NULL,172,106
658,Nikki,Halliwell,F,1978-06-23,Ottawa,ON,Milk,164,66
659,Sonny,Kirk,M,1988-04-10,Calgary,ON,NULL,138,73
660,Elisa,Peroni,F,1970-09-09,Hamilton,ON,Peanuts,173,56
661,Kay,Peroni,F,2017-07-11,Paris,ON,NULL,40,5
662,Deirdre,Owens,F,1979-09-28,Burlington,ON,Penicillin,173,93
663,Joe,Vitti,M,1948-07-07,Hamilton,ON,NULL,160,58
664,Sophie,Maxwell,F,1960-11-11,Peterborough,ON,Iodine,136,57
665,Rita,"De Lesseps",F,1968-08-05,Hamilton,ON,NULL,142,72
666,Jack,Henderson,M,1964-10-19,Hamilton,ON,NULL,146,87
667,Danielle,Harkness,F,1998-02-11,Hamilton,ON,"Bee Stings",142,57
668,Signor,Selden,M,2001-05-14,Hamilton,ON,NULL,204,89
669,Huma,Thomas,F,1978-09-27,Windsor,ON,NULL,159,61
670,Stanley,Hinkley,M,1987-11-12,Toronto,ON,Elastoplast,152,67
671,Willow,Levinson,F,2017-06-30,Hamilton,ON,NULL,35,6
672,Ben,Dalziel,M,1948-08-19,Timmins,ON,NULL,129,71
673,Knox,Rocco,M,1986-10-25,Burlington,ON,Penicillin,158,72
674,Pardot,Smart,M,1960-05-15,Hamilton,ON,NULL,208,121
675,Daniel,Shore,M,1988-05-26,"Red Deer",AB,NULL,145,71
676,Bruce,Brockman,M,2007-09-19,Orillia,ON,"Salicylic Acid",131,57
677,Jenna,Crane,F,1958-10-22,Hamilton,ON,NULL,162,94
678,Leonard,Taylor,M,1979-08-07,Hamilton,ON,NULL,163,80
679,Joyce,Gallardo,F,2000-10-09,Beamsville,ON,Wheat,183,111
680,Giacomo,Carver,M,1949-05-13,Burlington,ON,NULL,160,83
681,Adam,Sugden,M,1972-11-05,Hamilton,ON,NULL,144,74
682,Carl,Sheldon,M,1967-02-15,Burlington,ON,Erythromycin,165,67
683,Amy,Space,F,2017-05-23,Toronto,ON,"Sulfa Drugs",40,6
684,Uri,Falcon,M,1951-03-08,Paris,ON,Morphine,165,85
685,Jane,Hill,F,1989-01-27,Orangeville,ON,NULL,168,93
686,Ichabod,Tura,M,1952-09-12,Peterborough,ON,NULL,157,75
687,Phil,Sanchez,M,1971-09-15,Halifax,NS,Iodine,139,72
688,Donald,Arturo,M,1983-07-24,Hamilton,ON,Codeine,149,68
689,Paul,Wolfe,M,1962-10-01,Cambridge,ON,NULL,160,76
690,Jason,Baasha,M,2011-05-10,Hamilton,ON,Penicillin,98,35
691,Marina,Nichols,F,1974-05-23,Hamilton,ON,NULL,161,105
692,Gary,Hufflepuff,M,1956-09-12,Hamilton,ON,NULL,148,68
693,Temple,Scott,F,1971-07-11,Delhi,ON,NULL,183,83
694,Bill,Vallance,M,1991-07-10,Hamilton,ON,NULL,207,107
695,Sabrina,Hettie,F,2000-11-25,Burlington,ON,Penicillin,160,51
696,Eve,Hughes,F,1974-07-10,Hamilton,ON,Penicillin,176,100
697,David,Snyder,M,2011-05-02,Dundas,ON,NULL,109,32
698,Don,Khan,M,1971-08-03,Hamilton,ON,Penicillin,182,118
699,Donald,Crowley,M,1983-03-26,Windsor,ON,Codeine,142,64
700,Giacomo,Waterfield,M,1992-04-10,Montreal,QC,Penicillin,166,78
701,Precious,Ashton,F,1988-12-14,Grimsby,ON,NULL,164,64
702,Signor,Forelli,M,2005-04-28,Hamilton,ON,NULL,177,63
703,Rita,Peroni,F,1947-02-22,Hamilton,ON,Penicillin,131,56
704,Ismael,Jonas,M,2000-06-19,Hamilton,ON,NULL,182,79
705,Eben,Corneo,M,2008-11-23,Toronto,ON,NULL,146,58
706,Joey,Hammer,M,1970-09-10,Paris,ON,NULL,176,67
707,Dirk,Castang,M,1969-04-14,Hamilton,ON,Penicillin,129,65
708,Bruce,Corleone,M,1989-12-06,Hamilton,ON,NULL,187,118
709,Thursday,Dunham,F,2012-06-28,Burlington,ON,NULL,98,30
710,Neju,Gaskell,F,1971-08-22,Toronto,ON,NULL,143,69
711,Harold,Ichi,M,1979-06-26,Dundas,ON,Penicillin,193,111
712,Anna,Hill,F,1961-06-04,"Port Dover",ON,Penicillin,173,66
713,Blanche,Lewis,F,1975-12-04,Hamilton,ON,NULL,165,59
714,Henry,Rebus,M,1956-07-24,Grimsby,ON,Penicillin,154,73
715,Melody,Potter,F,1996-11-10,Hamilton,ON,NULL,156,107
716,Maxwell,Schultz,F,2015-06-07,Ancaster,ON,Penicillin,68,16
717,Billie,Webber,F,2007-12-07,Hamilton,ON,"Penicillin Sulpha Drugs",133,49
718,Jake,Owens,M,2014-01-07,Brantford,ON,NULL,84,27
719,Hal,Cooper,M,2015-01-24,"Red River",MB,"Bee Stings",82,26
720,Ruby,Foreman,F,1977-04-24,Burlington,ON,Penicillin,144,53
721,Cresentmoon,Rizzoli,F,1971-04-27,Hamilton,ON,Iodine,180,95
722,Brut,Schorr,M,1992-08-08,Hamilton,ON,Penicillin,172,94
723,Henry,Fairweather,M,1978-05-13,Burlington,ON,"Penicillin Sulpha Drugs",203,100
724,Alecto,Van,F,2016-03-10,"Port Dover",ON,ASA,50,10
725,Grace,Callendar,F,1967-11-12,Ancaster,ON,Cheese,140,50
726,Richard,Appleton,M,1963-11-15,Toronto,ON,ASA,155,80
727,Willow,Thoreauxe,F,2015-10-16,Hamilton,ON,NULL,65,17
728,Olga,Sugden,F,1993-05-19,Hamilton,ON,NULL,188,86
729,Woodsy,Crane,M,1960-01-05,Hamilton,ON,NULL,176,121
730,David,Milo,M,2016-03-14,Ottawa,ON,Penicillin,52,13
731,Will,Harvey,M,1993-09-15,Burlington,ON,Penicillin,170,100
732,Bo,Halliwell,M,1990-11-03,Cambridge,ON,NULL,214,123
733,Roderick,Landsman,M,1966-04-14,Hamilton,ON,Codeine,202,105
734,Juliet,Waturs,F,2004-03-25,Hamilton,ON,Penicillin,158,53
735,Carl,Drake,M,2010-04-20,"Stoney Creek",ON,Sulfa,120,41
736,Paulie,OMalley,M,1984-11-05,Hamilton,ON,Penicillin,208,125
737,Claire,Summers,F,1999-12-04,Hamilton,ON,Sulfa,150,66
738,Ethel,Hare,F,1975-06-18,Ancaster,ON,NULL,180,105
739,Temple,Brennan,F,1963-07-12,Burlington,ON,Strawberries,159,101
740,Bianca,Double,F,1957-01-23,Hamilton,ON,Sulfa,183,74
741,Alex,Wesley,M,1990-06-18,Hamilton,ON,NULL,184,118
742,Paul,Smyth,M,1994-07-26,Hamilton,ON,Peanuts,168,116
743,Gary,Bardo,M,2006-12-21,Hamilton,ON,NULL,156,65
744,Bonnie,Spinnet,F,1997-12-05,Hepworth,ON,NULL,151,55
745,Walburga,Macdonald,F,1960-07-01,Burlington,ON,Penicillin,142,54
746,Reginald,Barnaby,M,1996-12-12,Victoria,BC,NULL,155,82
747,Michael,Pratt,M,1972-11-02,Ancaster,ON,NULL,190,109
748,Marvin,Yurinov,M,1969-04-10,Hamilton,ON,NULL,146,64
749,Pilar,Dee,F,1984-05-10,Toronto,ON,NULL,167,86
750,Stanley,Abruzzi,M,2000-11-10,Hamilton,ON,NULL,180,119
751,Mary,Owens,F,1986-04-10,Hamilton,ON,Codeine,173,114
752,Ronnie,Maxwell,M,2011-07-16,Elmira,ON,NULL,106,40
753,Donald,Corleone,M,2016-07-01,Hamilton,ON,NULL,56,15
754,Carrie,Jacobs,F,1978-01-22,Hamilton,ON,Penicillin,175,97
755,Alexandra,Price,F,1967-10-29,Hamilton,ON,NULL,183,92
756,Libby,Hallow,F,1957-11-01,Hamilton,ON,NULL,156,107
757,Demelza,DeLoone,F,1968-07-24,Oakville,ON,Penicillin,172,57
758,Deborah,Caspar,F,2017-05-21,Hamilton,ON,Tylenol,39,7
759,Charlotte,Iosefa,F,1988-11-06,Grimsby,ON,Penicillin,178,83
760,Bruce,Castang,M,1973-10-18,Hamilton,ON,NULL,153,72
761,Janine,Lopez-Fitzgerald,F,1979-10-07,Burlington,ON,NULL,147,71
762,Sister,Gilmore,F,1987-03-11,Toronto,ON,Penicillin,161,104
763,Don,Justice,M,1994-08-23,Toronto,ON,Penicillin,196,124
764,Billy,Vimes,M,1980-11-01,Delhi,ON,Penicillin,180,125
765,Linda,Stillman,F,2000-10-27,Hamilton,ON,Tetracycline,170,81
766,Joseph,Ferguson,M,1993-04-15,London,ON,NULL,206,118
767,Kirk,Trent,M,1983-01-17,Milton,ON,NULL,173,117
768,Amelia,Ogawa,F,1985-10-17,Hamilton,ON,NULL,159,57
769,Ernie,Dyson,M,2005-12-15,Brantford,ON,NULL,149,59
770,Eva,Medlicott,F,1986-09-16,Hamilton,ON,NULL,193,94
771,Axel,Norris,M,1952-12-20,Hamilton,ON,Iodine,144,77
772,Tom,Knight,M,1963-03-18,Brantford,ON,NULL,169,85
773,Sam,Haruko,M,1982-12-12,Hamilton,ON,"Peanut Oil",226,121
774,Anna,Erin,F,1980-08-07,Burlington,ON,Penicillin,187,121
775,Quinn,Frank,F,2008-11-11,Hamilton,ON,NULL,117,43
776,Annie,Rook,F,1985-03-03,Toronto,ON,NULL,171,108
777,Matt,Righetti,M,1982-07-21,Hamilton,ON,"Penicillin Environmental",217,117
778,Daphne,Bennett,F,2017-05-18,Brampton,ON,NULL,36,6
779,Ruth,Sisco,F,1953-06-03,Hamilton,ON,NULL,142,48
780,Deirdre,Cooper,F,1984-05-11,Hamilton,ON,"Penicillin Environmental",141,65
781,Hank,Parker,M,1969-01-03,Hamilton,ON,Sulphur,171,112
782,Bathsheda,Kent,F,1972-12-30,Brantford,ON,NULL,155,90
783,Orla,Cooper,F,1979-02-23,Cambridge,ON,NULL,163,95
784,Avon,Dalgliesh,M,2008-08-20,Hamilton,ON,Tetracycline,137,54
785,Laurel,Boyce,F,1952-03-04,Hamilton,ON,Penicillin,157,60
786,Mike,Hamilton,M,1971-05-22,Hamilton,ON,Sulfa,160,66
787,Julian,Fuyutsuki,M,2002-11-26,Hamilton,ON,NULL,186,85
788,Kate,Waterfield,F,1986-10-06,Hamilton,ON,Penicillin,155,66
789,Lylah,Cage,F,1958-11-21,Oakville,ON,Sulphur,164,84
790,Harper,"de Souza",F,2002-05-13,Hamilton,ON,Penicillin,174,63
791,Charlie,Spica,F,2011-02-21,Smithville,ON,NULL,88,25
792,Jake,Alvin,M,2003-04-27,Hamilton,ON,NULL,187,80
793,Betty,Hightower,F,2001-02-15,Hamilton,ON,Codeine,193,69
794,Imogen,Wolfe,F,2000-11-12,Whitby,ON,Penicillin,147,58
795,Dale,Kuramitsu,M,1978-04-17,Oakville,ON,Penicillin,181,98
796,Maria,Scully,F,1959-01-07,Smithville,ON,NULL,150,59
797,Jerry,Greener,M,1990-07-20,Hamilton,ON,NULL,190,97
798,Claire,Dax,F,1986-12-29,Hamilton,ON,Codeine,184,115
799,John,Spuckler,M,2002-08-05,Sarnia,ON,NULL,209,82
800,Daniel,Cole,M,1980-03-05,"Stoney Creek",ON,NULL,175,121
801,Christopher,Bigelow,M,1984-02-12,Timmins,ON,Penicillin,189,113
802,Leo,Fowler,M,2001-03-22,"Red River",MB,Peanuts,209,93
803,Miley,Spencer,F,1994-12-19,Grimsby,ON,NULL,191,99
804,V?ctor,Moss,M,1978-10-24,Burlington,ON,NULL,175,60
805,Charlotte,Bat,F,1974-05-20,Hamilton,ON,"Micropore Tape",190,93
806,Grant,Cragge,M,1999-06-22,Paris,ON,Penicillin,198,106
807,Jane,Preston,F,1964-01-16,Hamilton,ON,Codeine,194,103
808,Sam,Sugden,M,2007-05-04,Barrie,ON,ASA,133,53
809,Tom,Fanucci,M,1998-10-09,Hamilton,ON,NULL,187,132
810,Lily,Space,F,1964-07-05,Milgrove,ON,Penicillin,133,64
811,Henry,Martin,M,1961-12-18,Sarnia,ON,NULL,192,116
812,Agnes,Akagi,F,1951-05-26,Hamilton,ON,NULL,156,60
813,Cliff,Cusack,M,1996-01-22,"St. Catharines",ON,NULL,169,78
814,Vijay,Stein,M,2006-01-20,Burlington,ON,ASA,172,70
815,Victoria,Brown,F,1956-12-29,Barrie,ON,NULL,162,95
816,John,Jenkins,M,1989-06-23,Hamilton,ON,NULL,196,102
817,Lily,Ichihara,F,1963-07-14,Whitby,ON,Seafood,167,65
818,Evan,Cortez,M,2010-12-24,Burlington,ON,NULL,108,35
819,Harry,Goodspeed,M,2012-03-03,Hamilton,ON,Penicillin,80,41
820,Holt,Reed,M,1994-07-13,Hamilton,ON,Penicillin,167,86
821,Nero,Jacobs,M,2011-09-14,Hamilton,ON,NULL,102,38
822,Mary,Strong,F,1964-12-04,Barrie,ON,"Bee Stings",159,79
823,Pearl,Brown,F,1948-11-20,Milton,ON,Tylenol,174,63
824,Paul,MacLeod,M,1978-02-10,Hamilton,ON,Almonds,204,119
825,Javier,Jordan,M,2001-12-29,Milton,ON,NULL,183,79
826,Kiranin,Parkinson,M,1987-01-17,Hamilton,ON,NULL,206,124
827,Samuel,Littlefield,M,2008-11-18,Brantford,ON,NULL,128,52
828,Liz,Willing,F,1981-06-12,Toronto,ON,NULL,162,55
829,Helena,Monaghan,F,1991-05-07,Hamilton,ON,NULL,148,61
830,Ana,Randall,F,2000-05-19,Toronto,ON,Codeine,146,65
831,Beverly,Halliwell,F,1985-03-21,Hamilton,ON,NULL,131,59
832,Annie,Denoram,F,2006-01-01,Toronto,ON,NULL,134,52
833,Charles,Banks,M,1967-10-14,"Stoney Creek",ON,"Hay Fever",163,81
834,Willow,Akimoto,F,1953-02-04,Vancouver,BC,Tape,158,115
835,Joe,Strepfinger,M,2012-05-05,Paris,ON,NULL,89,39
836,Montana,Vimes,F,1968-05-28,Pickering,ON,NULL,159,60
837,Stephen,Cochrane,M,1954-01-25,Hamilton,ON,NULL,149,68
838,Liz,Brown,F,1969-03-20,Delhi,ON,Codeine,161,109
839,Susie,Sinclair,F,1982-04-21,Toronto,ON,NULL,156,55
840,Shiro,Lin,M,2005-11-24,Hamilton,ON,Codeine,155,65
841,Jemima,Adler,F,1994-06-09,Georgetown,ON,NULL,167,111
842,Tracy,French,M,1954-01-26,Burlington,ON,Penicillin,199,118
843,Tem,Mangel,M,1981-05-12,"Port Dover",ON,Codeine,176,73
844,Catherine,Kendall,F,1975-08-16,Hamilton,ON,Tylenol,156,67
845,Rose,Soong,F,1983-08-24,Timmins,ON,NULL,147,69
846,Timmy,Steiger,M,1991-03-29,Burlington,ON,Penicillin,215,119
847,Wayne,Stewart,M,2009-08-17,Hamilton,ON,NULL,134,47
848,Oliver,Michaels,M,1994-07-16,Hepworth,ON,Penicillin,195,111
849,Jo,Kuramitsu,F,1989-07-27,Brantford,ON,"Penicillin Diazepam",176,107
850,Barbara,Drill,F,1978-03-25,Hamilton,ON,Almonds,154,58
851,David,Kennedy,M,2011-01-10,"Walnut Grove",AB,Iodine,113,37
852,Amy,Brennan,F,1961-09-30,Hamilton,ON,NULL,179,80
853,Karen,Halliwell,F,1954-02-09,Oakville,ON,NULL,175,50
854,Tugg,Sydnor,M,2003-12-11,Ancaster,ON,Codeine,201,86
855,Kurt,Willis,M,2012-06-14,Hamilton,ON,NULL,110,29
856,Eddie,Peroni,M,1963-03-30,Hamilton,ON,NULL,181,99
857,Ian,Leigh,M,1967-03-03,Troy,ON,NULL,168,106
858,Jean,Marlowe,F,2012-04-04,Burlington,ON,NULL,85,27
859,Judy,Tanner,F,1969-05-05,Toronto,ON,Penicillin,152,52
860,Susan,Wheeler,F,1992-10-13,Hamilton,ON,Penicillin,160,86
861,Janice,Randall,F,1978-05-01,Hamilton,ON,Codeine,168,96
862,Sabrina,Kane,F,1988-11-26,Smithville,ON,NULL,166,67
863,Cross,Kiriakis,M,2010-11-09,"St. Johns",NL,NULL,125,41
864,Maia,Greener,F,1963-05-22,Hamilton,ON,NULL,170,104
865,Tim,Miller,M,1985-06-25,"Stoney Creek",ON,NULL,161,79
866,Gail,Pianta,F,2010-02-01,Toronto,ON,Wheat,99,35
867,Daphne,Beaumann,F,2011-12-06,Delhi,ON,NULL,101,32
868,Kazuki,Patil,M,1977-09-12,Toronto,ON,"Sulfa Drugs",209,114
869,Jonathan,Prefect,M,1963-12-13,Waterford,ON,Penicillin,163,73
870,Olivia,Gordon,F,1952-09-03,Hamilton,ON,Iodine,156,59
871,Kyle,Sanderson,M,2011-06-20,Hamilton,ON,Penicillin,96,34
872,Mable,Davenport,F,2013-11-14,Brantford,ON,NULL,89,26
873,Langdale,Cole,M,1948-04-26,"Thunder Bay",ON,NULL,183,57
874,Ellen,Hally,F,2005-05-03,Hamilton,ON,Tylenol,167,57
875,Bryan,Calculus,M,2012-02-24,Kingston,ON,Wheat,91,30
876,Jaki,Maroni,M,1957-08-11,Orangeville,ON,NULL,205,104
877,Gwen,Gottwald,F,1972-08-27,"Walnut Grove",AB,NULL,166,54
878,Amy,Furudo,F,1964-01-05,"Stoney Creek",ON,NULL,165,65
879,Orla,Shawn,F,1967-09-24,Sarnia,ON,Penicillin,149,65
880,Liz,Threep,F,2002-02-02,Ancaster,ON,Codeine,171,64
881,Phil,Peabody,M,1975-08-25,Kingston,ON,Penicillin,159,76
882,Sally,Fowler,F,1970-12-13,Guelph,ON,NULL,155,100
883,Peter,Lane,M,1950-10-06,Hamilton,ON,Tape,208,113
884,Howard,Cortez,M,1977-06-16,Hamilton,ON,NULL,193,92
885,Tex,Robert,M,1974-12-04,Victoria,BC,Iodine,181,77
886,Tony,Crusher,M,1992-07-06,Hepworth,ON,Almonds,175,81
887,Gregory,Lockwood,M,2018-05-07,Hamilton,ON,Penicillin,37,6
888,Dale,Sigel,M,1963-09-18,Hamilton,ON,NULL,188,93
889,Traci,Greggs,F,1996-03-31,Hamilton,ON,NULL,161,65
890,Mary,Rougemont,F,1955-04-19,Brantford,ON,Penicillin,165,82
891,Moe,Smith,M,1996-09-11,Hamilton,ON,NULL,162,83
892,Henry,Stewart,M,1975-06-23,Ajax,ON,Penicillin,167,81
893,Ema,Wainthropp,F,1987-12-29,Cambridge,ON,NULL,148,43
894,Natsumi,Hopper,F,1955-07-11,Simcoe,ON,NULL,191,102
895,Mendy,Farrell,M,2010-09-21,Hamilton,ON,NULL,120,48
896,Tugg,Travis,M,1983-07-09,Ancaster,ON,Morphine,156,78
897,Kevin,Bonasera,M,2009-05-10,Pickering,ON,NULL,126,39
898,Alex,Yurinov,F,2016-08-07,"Walnut Grove",AB,NULL,56,14
899,Simon,Brown,M,1980-09-10,Hamilton,ON,Wheat,167,74
900,Marcus,Garrick,M,1994-08-17,Hamilton,ON,Penicillin,153,68
901,Santiago,Lake,M,2006-05-18,Oakville,ON,Penicillin,171,73
902,Nero,Baldi,M,1961-02-09,Hamilton,ON,NULL,143,73
903,Deborah,Fabray,F,2008-08-18,Hamilton,ON,NULL,129,40
904,Marvin,Foyle,M,1949-08-27,Brantford,ON,Penicillin,185,96
905,Shane,Fraser,M,1958-12-23,Hamilton,ON,Penicillin,207,102
906,Sharon,Powers,F,1992-08-27,Timmins,ON,ASA,183,89
907,Luanne,Medlicott,F,1958-12-04,Hamilton,ON,Penicillin,171,117
908,Doris,Morgan,F,1960-05-31,Hamilton,ON,Honey,174,49
909,Richard,Real,M,2013-12-29,Hamilton,ON,Penicillin,73,21
910,Jake,Adebisi,M,1988-04-16,Hamilton,ON,ASA,203,101
911,Moira,Bigelow,F,1963-04-15,Brantford,ON,Penicillin,140,72
912,Isobel,Harding,F,1983-01-24,Hamilton,ON,NULL,139,46
913,Manick,Archer,M,2004-10-01,Toronto,ON,NULL,195,74
914,Grace,Plinge,F,1994-02-14,Hamilton,ON,NULL,181,99
915,Eleanor,"de Castro",F,1975-11-19,Hamilton,ON,"Bee Stings",179,98
916,Jake,Schrader,M,1969-01-06,Hamilton,ON,Penicillin,167,91
917,Melinda,Bell,F,1996-08-03,Hamilton,ON,NULL,164,50
918,Jay,Hastings,M,2011-03-23,Windsor,ON,Penicillin,99,38
919,Tru,West,F,1979-04-04,Paris,ON,Penicillin,169,100
920,Catherine,Masaki,F,1978-03-06,Toronto,ON,Latex,152,60
921,Ethel,Henderson,F,2017-05-17,Hamilton,ON,Penicillin,38,7
922,Carmine,Hunter,M,1981-10-21,Hamilton,ON,NULL,196,115
923,Billie,Beckett,F,1994-06-02,Oshawa,ON,"Hay Fever",184,118
924,Simon,Spellman,M,2015-11-17,Hamilton,ON,Codeine,73,20
925,Dion,Vincent,M,1987-06-23,Toronto,ON,NULL,155,79
926,Bruno,Sugden,M,1979-01-28,Hamilton,ON,Penicillin,173,124
927,Matthew,Costigan,M,1973-05-25,Hamilton,ON,Sulfa,175,65
928,Charles,Gonzales,M,1997-12-29,Hamilton,ON,Penicillin,204,110
929,Leslie,Uzuki,M,1977-06-22,"Red River",MB,NULL,185,103
930,Bunk,Swift,M,1979-04-20,Hamilton,ON,NULL,200,113
931,David,Heath,M,2011-03-07,Toronto,ON,Codeine,100,39
932,Sally,Balta,F,1981-09-23,Hamilton,ON,Penicillin,163,60
933,Nicole,Shimura,F,1991-06-04,Timmins,ON,NULL,157,96
934,John,Daniels,M,1965-07-16,Hamilton,ON,"Peanut Butter",143,79
935,Antonio,Crockett,M,1955-03-02,Barrie,ON,NULL,161,60
936,Gary,Shimura,M,1974-08-24,Hamilton,ON,NULL,159,82
937,Paige,Sparazza,F,1955-11-05,Hamilton,ON,Penicillin,140,67
938,Paige,Forbin,F,1968-11-12,Hamilton,ON,NULL,142,63
939,Chris,Johnson,F,1969-06-22,Whitby,ON,NULL,182,94
940,Marid,Sanada,M,1954-10-30,Northbay,ON,NULL,153,70
941,Leslie,Nanny,F,1963-09-22,Hamilton,ON,ASA,165,61
942,Sandra,Jackson,F,1991-01-28,Hamilton,ON,NULL,158,116
943,Ottilio,McNulty,M,2016-02-28,Hamilton,ON,NULL,59,16
944,Jessica,March,F,1973-05-08,Ajax,ON,NULL,180,89
945,Angela,Maximoff,F,1972-03-04,Brantford,ON,NULL,135,61
946,Kay,MacAllister,F,1958-08-10,Oakville,ON,Penicillin,185,105
947,Melody,Blossom,F,1997-04-05,Hamilton,ON,NULL,166,103
948,Al,Edwards,M,1982-02-04,Ottawa,ON,NULL,185,114
949,Hannah,Arroway,F,2007-04-06,Burlington,ON,NULL,141,41
950,Imogen,Jimmy,F,1993-01-12,Ottawa,ON,Penicillin,150,63
951,Walter,Morgan,M,1956-02-23,Toronto,ON,"Sulfa Drugs",194,101
952,Haley,Crusher,M,1966-05-20,Hamilton,ON,Sulphur,169,82
953,Troy,Lionel,M,1955-12-11,Toronto,ON,NULL,198,115
954,Susan,Kolchak,F,1990-03-11,Paris,ON,Codeine,191,112
955,Karen,James,F,1975-03-23,Hamilton,ON,Almonds,135,52
956,Joe,Dingle,M,1973-06-08,Hamilton,ON,NULL,196,92
957,Nea,Brown,F,1996-08-26,Toronto,ON,"Peanut Butter",162,69
958,Carl,Gordon,M,1998-08-27,Burlington,ON,Codeine,183,115
959,Chucky,Skilbeck,M,2017-08-11,Dundas,ON,NULL,38,6
960,Ryoko,Heath,F,1961-02-11,Hamilton,ON,Penicillin,188,97
961,Eva,Groan,F,1998-06-17,Barrie,ON,Sulfa,187,109
962,Dolores,Davenport,F,1971-11-02,Hamilton,ON,NULL,165,106
963,Paul,Leotardo,M,1979-07-23,Hamilton,ON,NULL,171,70
964,Sal,Larsen,M,1978-05-05,Brampton,ON,NULL,175,132
965,Laura,Hope,F,1994-04-04,Guelph,ON,NULL,169,99
966,Barbara,Lawson,F,1958-06-20,Hamilton,ON,Penicillin,156,61
967,Kay,Erin,F,1976-12-07,Fonthill,ON,NULL,181,89
968,Jadzia,Vincent,F,1963-11-03,Hamilton,ON,Codeine,166,116
969,Jack,Argyros,M,2009-01-07,Toronto,ON,Tape,126,60
970,Jonathan,Willing,M,2013-08-08,Hamilton,ON,NULL,85,26
971,Jocelyn,Tate,F,2009-08-23,Hamilton,ON,Tetracycline,124,36
972,Oliver,Hughes,M,1993-04-21,Toronto,ON,NULL,186,80
973,Abraham,Crandall,M,2000-04-24,Beaverton,ON,Penicillin,212,102
974,Cash,Cunningham,M,1995-04-09,Bartonville,ON,Codeine,204,124
975,Sam,Vitoller,M,2017-12-06,Hamilton,ON,NULL,33,3
976,Eddie,Elgin,M,1956-02-16,Simcoe,ON,Milk,178,110
977,Othar,McDonald,F,1948-05-19,Hamilton,ON,Sulfa,152,51
978,Rowena,Mann,F,1999-01-21,Hamilton,ON,NULL,194,101
979,Neil,Wildhack,M,1966-04-21,Toronto,ON,Penicillin,150,71
980,Rita,Zapatti,F,1961-02-02,Dunton,ON,NULL,149,55
981,Kelly,Aguilar,F,2014-05-10,Sarnia,ON,Penicillin,76,21
982,Lina,Carling,F,1962-01-04,Toronto,ON,"Valporic Acid",196,110
983,Alejandro,Greener,M,2012-05-03,Hamilton,ON,Penicillin,77,36
984,Jo,Reed,F,1958-01-15,Toronto,ON,Feathers,183,110
985,Wade,Hill,M,1949-06-25,Hamilton,ON,NULL,214,100
986,Sister,Chino,F,2016-01-04,Hamilton,ON,NULL,45,11
987,Chris,Carver,F,1983-04-30,Hamilton,ON,"Sulfa Drugs",149,61
988,Alberto,Walker,M,1996-03-13,"Thunder Bay",ON,NULL,202,124
989,Nea,Gently,F,1955-05-20,Hamilton,ON,Penicillin,181,104
990,Brenda,Shoop,F,1984-10-03,Orangeville,ON,Penicillin,142,71
991,Kate,Skye,F,1997-09-03,Toronto,ON,Penicillin,174,102
992,Denise,Martin,F,1963-06-23,Brockville,ON,NULL,182,117
993,Gregory,Barnes,M,1978-11-14,Dunton,ON,NULL,212,115
994,John,Lang,M,1971-06-12,Hamilton,ON,Penicillin,163,121
995,Georgette,Page,F,1987-01-27,Hamilton,ON,NULL,175,69
996,David,Rook,M,1949-01-29,Orangeville,ON,NULL,170,56
997,Georgette,Lambert,F,1991-11-13,Hamilton,ON,NULL,179,100
998,Bruce,Lawson,M,1999-07-18,Cambridge,ON,NULL,134,70
999,Jo,Lovegood,F,1969-08-12,Hamilton,ON,Penicillin,194,92
1000,Rick,Williams,M,1975-04-13,Hamilton,ON,Penicillin,176,127
